s_m,x_m,y_m,z_ugr_m,radius_estimate_m,xy_method,geo_quality
0.000,0.000,0.000,,782.425,closed_catmull_rom_through_station_anchors,GEO_D
25.000,15.928,19.268,,849.881,closed_catmull_rom_through_station_anchors,GEO_D
50.000,32.415,38.060,,821.461,closed_catmull_rom_through_station_anchors,GEO_D
75.000,49.467,56.340,,797.706,closed_catmull_rom_through_station_anchors,GEO_D
100.000,67.083,74.078,,778.328,closed_catmull_rom_through_station_anchors,GEO_D
125.000,85.260,91.241,,762.211,closed_catmull_rom_through_station_anchors,GEO_D
150.000,103.989,107.798,,750.953,closed_catmull_rom_through_station_anchors,GEO_D
175.000,123.259,123.723,,743.290,closed_catmull_rom_through_station_anchors,GEO_D
200.000,143.054,138.990,,740.646,closed_catmull_rom_through_station_anchors,GEO_D
225.000,163.353,153.581,,741.787,closed_catmull_rom_through_station_anchors,GEO_D
250.000,184.132,167.480,,748.065,closed_catmull_rom_through_station_anchors,GEO_D
275.000,205.364,180.677,,758.760,closed_catmull_rom_through_station_anchors,GEO_D
300.000,227.019,193.167,,774.465,closed_catmull_rom_through_station_anchors,GEO_D
325.000,249.066,204.952,,795.371,closed_catmull_rom_through_station_anchors,GEO_D
350.000,271.473,216.038,,821.732,closed_catmull_rom_through_station_anchors,GEO_D
375.000,294.206,226.437,,853.879,closed_catmull_rom_through_station_anchors,GEO_D
400.000,317.234,236.166,,892.220,closed_catmull_rom_through_station_anchors,GEO_D
425.000,340.526,245.247,,937.260,closed_catmull_rom_through_station_anchors,GEO_D
450.000,364.052,253.703,,989.070,closed_catmull_rom_through_station_anchors,GEO_D
475.000,387.784,261.562,,1049.767,closed_catmull_rom_through_station_anchors,GEO_D
500.000,411.696,268.853,,1118.585,closed_catmull_rom_through_station_anchors,GEO_D
525.000,435.766,275.608,,1197.488,closed_catmull_rom_through_station_anchors,GEO_D
550.000,459.971,281.860,,1286.854,closed_catmull_rom_through_station_anchors,GEO_D
575.000,484.293,287.640,,1390.010,closed_catmull_rom_through_station_anchors,GEO_D
600.000,508.716,292.981,,1506.923,closed_catmull_rom_through_station_anchors,GEO_D
625.000,533.223,297.917,,1641.050,closed_catmull_rom_through_station_anchors,GEO_D
650.000,557.803,302.479,,1796.496,closed_catmull_rom_through_station_anchors,GEO_D
675.000,582.444,306.698,,1974.292,closed_catmull_rom_through_station_anchors,GEO_D
700.000,607.137,310.605,,2183.116,closed_catmull_rom_through_station_anchors,GEO_D
725.000,631.873,314.229,,2428.745,closed_catmull_rom_through_station_anchors,GEO_D
750.000,656.645,317.599,,2718.833,closed_catmull_rom_through_station_anchors,GEO_D
775.000,681.446,320.740,,3072.202,closed_catmull_rom_through_station_anchors,GEO_D
800.000,706.273,323.679,,3501.275,closed_catmull_rom_through_station_anchors,GEO_D
825.000,731.120,326.441,,4041.556,closed_catmull_rom_through_station_anchors,GEO_D
850.000,755.983,329.050,,4733.288,closed_catmull_rom_through_station_anchors,GEO_D
875.000,780.860,331.527,,5654.808,closed_catmull_rom_through_station_anchors,GEO_D
900.000,805.748,333.894,,6939.775,closed_catmull_rom_through_station_anchors,GEO_D
925.000,830.644,336.171,,8842.462,closed_catmull_rom_through_station_anchors,GEO_D
950.000,855.547,338.378,,11983.424,closed_catmull_rom_through_station_anchors,GEO_D
975.000,880.454,340.533,,18048.018,closed_catmull_rom_through_station_anchors,GEO_D
1000.000,905.363,342.653,,34880.245,closed_catmull_rom_through_station_anchors,GEO_D
1025.000,930.275,344.755,,308010.534,closed_catmull_rom_through_station_anchors,GEO_D
1050.000,955.186,346.856,,47712.170,closed_catmull_rom_through_station_anchors,GEO_D
1075.000,980.097,348.970,,22743.820,closed_catmull_rom_through_station_anchors,GEO_D
1100.000,1005.005,351.111,,15172.482,closed_catmull_rom_through_station_anchors,GEO_D
1125.000,1029.910,353.293,,11526.992,closed_catmull_rom_through_station_anchors,GEO_D
1150.000,1054.810,355.529,,9368.228,closed_catmull_rom_through_station_anchors,GEO_D
1175.000,1079.703,357.831,,7960.590,closed_catmull_rom_through_station_anchors,GEO_D
1200.000,1104.590,360.212,,6960.304,closed_catmull_rom_through_station_anchors,GEO_D
1225.000,1129.467,362.682,,6215.088,closed_catmull_rom_through_station_anchors,GEO_D
1250.000,1154.335,365.252,,12117.811,closed_catmull_rom_through_station_anchors,GEO_D
1275.000,1179.197,367.873,,5472.038,closed_catmull_rom_through_station_anchors,GEO_D
1300.000,1204.071,370.381,,5223.651,closed_catmull_rom_through_station_anchors,GEO_D
1325.000,1228.957,372.769,,5465.034,closed_catmull_rom_through_station_anchors,GEO_D
1350.000,1253.853,375.044,,5702.180,closed_catmull_rom_through_station_anchors,GEO_D
1375.000,1278.759,377.210,,5927.317,closed_catmull_rom_through_station_anchors,GEO_D
1400.000,1303.674,379.270,,6144.489,closed_catmull_rom_through_station_anchors,GEO_D
1425.000,1328.597,381.229,,6348.864,closed_catmull_rom_through_station_anchors,GEO_D
1450.000,1353.527,383.090,,6546.358,closed_catmull_rom_through_station_anchors,GEO_D
1475.000,1378.465,384.856,,6736.495,closed_catmull_rom_through_station_anchors,GEO_D
1500.000,1403.409,386.529,,6915.738,closed_catmull_rom_through_station_anchors,GEO_D
1525.000,1428.359,388.112,,7075.291,closed_catmull_rom_through_station_anchors,GEO_D
1550.000,1453.314,389.607,,7237.652,closed_catmull_rom_through_station_anchors,GEO_D
1575.000,1478.274,391.016,,7383.817,closed_catmull_rom_through_station_anchors,GEO_D
1600.000,1503.239,392.340,,7517.713,closed_catmull_rom_through_station_anchors,GEO_D
1625.000,1528.208,393.581,,7642.548,closed_catmull_rom_through_station_anchors,GEO_D
1650.000,1553.181,394.740,,7758.156,closed_catmull_rom_through_station_anchors,GEO_D
1675.000,1578.158,395.819,,7864.411,closed_catmull_rom_through_station_anchors,GEO_D
1700.000,1603.138,396.819,,7948.687,closed_catmull_rom_through_station_anchors,GEO_D
1725.000,1628.121,397.740,,8041.159,closed_catmull_rom_through_station_anchors,GEO_D
1750.000,1653.107,398.583,,8109.722,closed_catmull_rom_through_station_anchors,GEO_D
1775.000,1678.095,399.349,,8176.372,closed_catmull_rom_through_station_anchors,GEO_D
1800.000,1703.086,400.039,,8219.834,closed_catmull_rom_through_station_anchors,GEO_D
1825.000,1728.078,400.653,,8273.160,closed_catmull_rom_through_station_anchors,GEO_D
1850.000,1753.072,401.192,,8304.223,closed_catmull_rom_through_station_anchors,GEO_D
1875.000,1778.068,401.655,,8323.873,closed_catmull_rom_through_station_anchors,GEO_D
1900.000,1803.065,402.043,,8337.300,closed_catmull_rom_through_station_anchors,GEO_D
1925.000,1828.063,402.356,,8346.836,closed_catmull_rom_through_station_anchors,GEO_D
1950.000,1853.062,402.594,,8343.029,closed_catmull_rom_through_station_anchors,GEO_D
1975.000,1878.061,402.757,,8330.896,closed_catmull_rom_through_station_anchors,GEO_D
2000.000,1903.061,402.845,,8310.606,closed_catmull_rom_through_station_anchors,GEO_D
2025.000,1928.061,402.858,,8282.340,closed_catmull_rom_through_station_anchors,GEO_D
2050.000,1953.061,402.796,,8245.860,closed_catmull_rom_through_station_anchors,GEO_D
2075.000,1978.061,402.658,,8196.744,closed_catmull_rom_through_station_anchors,GEO_D
2100.000,2003.060,402.443,,8150.593,closed_catmull_rom_through_station_anchors,GEO_D
2125.000,2028.058,402.152,,8092.596,closed_catmull_rom_through_station_anchors,GEO_D
2150.000,2053.055,401.784,,8027.683,closed_catmull_rom_through_station_anchors,GEO_D
2175.000,2078.051,401.337,,7956.092,closed_catmull_rom_through_station_anchors,GEO_D
2200.000,2103.046,400.813,,7878.065,closed_catmull_rom_through_station_anchors,GEO_D
2225.000,2128.038,400.209,,7785.028,closed_catmull_rom_through_station_anchors,GEO_D
2250.000,2153.029,399.524,,7703.102,closed_catmull_rom_through_station_anchors,GEO_D
2275.000,2178.017,398.759,,7607.817,closed_catmull_rom_through_station_anchors,GEO_D
2300.000,2203.003,397.911,,7506.721,closed_catmull_rom_through_station_anchors,GEO_D
2325.000,2227.986,396.981,,7400.476,closed_catmull_rom_through_station_anchors,GEO_D
2350.000,2252.965,395.965,,7286.061,closed_catmull_rom_through_station_anchors,GEO_D
2375.000,2277.941,394.865,,7170.543,closed_catmull_rom_through_station_anchors,GEO_D
2400.000,2302.912,393.677,,7054.227,closed_catmull_rom_through_station_anchors,GEO_D
2425.000,2327.880,392.400,,6930.236,closed_catmull_rom_through_station_anchors,GEO_D
2450.000,2352.842,391.034,,6802.456,closed_catmull_rom_through_station_anchors,GEO_D
2475.000,2377.800,389.576,,6671.163,closed_catmull_rom_through_station_anchors,GEO_D
2500.000,2402.752,388.024,,6536.632,closed_catmull_rom_through_station_anchors,GEO_D
2525.000,2427.697,386.377,,6399.139,closed_catmull_rom_through_station_anchors,GEO_D
2550.000,2452.636,384.632,,6258.959,closed_catmull_rom_through_station_anchors,GEO_D
2575.000,2477.568,382.788,,6116.366,closed_catmull_rom_through_station_anchors,GEO_D
2600.000,2502.492,380.842,,5971.634,closed_catmull_rom_through_station_anchors,GEO_D
2625.000,2527.408,378.792,,5823.576,closed_catmull_rom_through_station_anchors,GEO_D
2650.000,2552.315,376.634,,5669.188,closed_catmull_rom_through_station_anchors,GEO_D
2675.000,2577.212,374.367,,5525.043,closed_catmull_rom_through_station_anchors,GEO_D
2700.000,2602.098,371.987,,5372.727,closed_catmull_rom_through_station_anchors,GEO_D
2725.000,2626.973,369.492,,5210.367,closed_catmull_rom_through_station_anchors,GEO_D
2750.000,2651.836,366.877,,5066.105,closed_catmull_rom_through_station_anchors,GEO_D
2775.000,2676.686,364.139,,4900.337,closed_catmull_rom_through_station_anchors,GEO_D
2800.000,2701.521,361.275,,4749.545,closed_catmull_rom_through_station_anchors,GEO_D
2825.000,2726.341,358.280,,4592.195,closed_catmull_rom_through_station_anchors,GEO_D
2850.000,2751.144,355.150,,4433.404,closed_catmull_rom_through_station_anchors,GEO_D
2875.000,2775.930,351.880,,4275.146,closed_catmull_rom_through_station_anchors,GEO_D
2900.000,2800.695,348.466,,4117.686,closed_catmull_rom_through_station_anchors,GEO_D
2925.000,2825.440,344.901,,3961.283,closed_catmull_rom_through_station_anchors,GEO_D
2950.000,2850.161,341.179,,3806.190,closed_catmull_rom_through_station_anchors,GEO_D
2975.000,2874.858,337.296,,3647.124,closed_catmull_rom_through_station_anchors,GEO_D
3000.000,2899.527,333.243,,3495.211,closed_catmull_rom_through_station_anchors,GEO_D
3025.000,2924.167,329.015,,3336.948,closed_catmull_rom_through_station_anchors,GEO_D
3050.000,2948.774,324.601,,3187.177,closed_catmull_rom_through_station_anchors,GEO_D
3075.000,2973.346,319.995,,4813.505,closed_catmull_rom_through_station_anchors,GEO_D
3100.000,2997.894,315.261,,8818.952,closed_catmull_rom_through_station_anchors,GEO_D
3125.000,3022.455,310.597,,8599.029,closed_catmull_rom_through_station_anchors,GEO_D
3150.000,3047.029,306.004,,10066.347,closed_catmull_rom_through_station_anchors,GEO_D
3175.000,3071.615,301.472,,12085.848,closed_catmull_rom_through_station_anchors,GEO_D
3200.000,3096.210,296.991,,15049.204,closed_catmull_rom_through_station_anchors,GEO_D
3225.000,3120.813,292.551,,19833.831,closed_catmull_rom_through_station_anchors,GEO_D
3250.000,3145.421,288.142,,28894.111,closed_catmull_rom_through_station_anchors,GEO_D
3275.000,3170.033,283.754,,52689.934,closed_catmull_rom_through_station_anchors,GEO_D
3300.000,3194.647,279.378,,288846.571,closed_catmull_rom_through_station_anchors,GEO_D
3325.000,3219.261,275.004,,83703.472,closed_catmull_rom_through_station_anchors,GEO_D
3350.000,3243.874,270.623,,36642.683,closed_catmull_rom_through_station_anchors,GEO_D
3375.000,3268.484,266.225,,23465.265,closed_catmull_rom_through_station_anchors,GEO_D
3400.000,3293.090,261.801,,17231.491,closed_catmull_rom_through_station_anchors,GEO_D
3425.000,3317.689,257.341,,13622.945,closed_catmull_rom_through_station_anchors,GEO_D
3450.000,3342.279,252.835,,11248.238,closed_catmull_rom_through_station_anchors,GEO_D
3475.000,3366.860,248.276,,9565.623,closed_catmull_rom_through_station_anchors,GEO_D
3500.000,3391.429,243.652,,8306.810,closed_catmull_rom_through_station_anchors,GEO_D
3525.000,3415.983,238.954,,7327.468,closed_catmull_rom_through_station_anchors,GEO_D
3550.000,3440.522,234.172,,6550.340,closed_catmull_rom_through_station_anchors,GEO_D
3575.000,3465.042,229.297,,5909.381,closed_catmull_rom_through_station_anchors,GEO_D
3600.000,3489.541,224.318,,5373.208,closed_catmull_rom_through_station_anchors,GEO_D
3625.000,3514.017,219.225,,4917.363,closed_catmull_rom_through_station_anchors,GEO_D
3650.000,3538.466,214.008,,4524.503,closed_catmull_rom_through_station_anchors,GEO_D
3675.000,3562.886,208.655,,4181.988,closed_catmull_rom_through_station_anchors,GEO_D
3700.000,3587.274,203.157,,3880.392,closed_catmull_rom_through_station_anchors,GEO_D
3725.000,3611.626,197.502,,3612.545,closed_catmull_rom_through_station_anchors,GEO_D
3750.000,3635.938,191.678,,3372.898,closed_catmull_rom_through_station_anchors,GEO_D
3775.000,3660.207,185.675,,3157.093,closed_catmull_rom_through_station_anchors,GEO_D
3800.000,3684.427,179.479,,2960.862,closed_catmull_rom_through_station_anchors,GEO_D
3825.000,3708.594,173.079,,2780.550,closed_catmull_rom_through_station_anchors,GEO_D
3850.000,3732.702,166.462,,2620.151,closed_catmull_rom_through_station_anchors,GEO_D
3875.000,3756.746,159.616,,2469.001,closed_catmull_rom_through_station_anchors,GEO_D
3900.000,3780.720,152.526,,2330.236,closed_catmull_rom_through_station_anchors,GEO_D
3925.000,3804.616,145.180,,2203.389,closed_catmull_rom_through_station_anchors,GEO_D
3950.000,3828.427,137.562,,2085.010,closed_catmull_rom_through_station_anchors,GEO_D
3975.000,3852.145,129.660,,1973.610,closed_catmull_rom_through_station_anchors,GEO_D
4000.000,3875.761,121.458,,1872.893,closed_catmull_rom_through_station_anchors,GEO_D
4025.000,3899.266,112.942,,1777.306,closed_catmull_rom_through_station_anchors,GEO_D
4050.000,3922.648,104.096,,1688.292,closed_catmull_rom_through_station_anchors,GEO_D
4075.000,3945.897,94.905,,1605.359,closed_catmull_rom_through_station_anchors,GEO_D
4100.000,3969.000,85.352,,1528.077,closed_catmull_rom_through_station_anchors,GEO_D
4125.000,3991.943,75.423,,1456.071,closed_catmull_rom_through_station_anchors,GEO_D
4150.000,4014.713,65.102,,1389.010,closed_catmull_rom_through_station_anchors,GEO_D
4175.000,4037.293,54.372,,1325.369,closed_catmull_rom_through_station_anchors,GEO_D
4200.000,4059.666,43.219,,1267.569,closed_catmull_rom_through_station_anchors,GEO_D
4225.000,4081.816,31.626,,1213.457,closed_catmull_rom_through_station_anchors,GEO_D
4250.000,4103.721,19.580,,1162.592,closed_catmull_rom_through_station_anchors,GEO_D
4275.000,4125.363,7.066,,1116.269,closed_catmull_rom_through_station_anchors,GEO_D
4300.000,4146.719,-5.930,,1073.780,closed_catmull_rom_through_station_anchors,GEO_D
4325.000,4167.767,-19.420,,1033.586,closed_catmull_rom_through_station_anchors,GEO_D
4350.000,4188.482,-33.415,,997.944,closed_catmull_rom_through_station_anchors,GEO_D
4375.000,4208.840,-47.924,,965.513,closed_catmull_rom_through_station_anchors,GEO_D
4400.000,4228.815,-62.955,,936.074,closed_catmull_rom_through_station_anchors,GEO_D
4425.000,4248.382,-78.515,,909.844,closed_catmull_rom_through_station_anchors,GEO_D
4450.000,4267.514,-94.606,,886.756,closed_catmull_rom_through_station_anchors,GEO_D
4475.000,4286.185,-111.230,,866.465,closed_catmull_rom_through_station_anchors,GEO_D
4500.000,4304.369,-128.386,,849.542,closed_catmull_rom_through_station_anchors,GEO_D
4525.000,4322.039,-146.069,,835.695,closed_catmull_rom_through_station_anchors,GEO_D
4550.000,4339.173,-164.273,,824.684,closed_catmull_rom_through_station_anchors,GEO_D
4575.000,4355.748,-182.988,,816.391,closed_catmull_rom_through_station_anchors,GEO_D
4600.000,4371.741,-202.201,,810.564,closed_catmull_rom_through_station_anchors,GEO_D
4625.000,4387.134,-221.899,,809.026,closed_catmull_rom_through_station_anchors,GEO_D
4650.000,4401.912,-242.062,,808.272,closed_catmull_rom_through_station_anchors,GEO_D
4675.000,4416.059,-262.673,,804.632,closed_catmull_rom_through_station_anchors,GEO_D
4700.000,4429.558,-283.714,,826.702,closed_catmull_rom_through_station_anchors,GEO_D
4725.000,4442.416,-305.153,,889.153,closed_catmull_rom_through_station_anchors,GEO_D
4750.000,4454.666,-326.946,,954.947,closed_catmull_rom_through_station_anchors,GEO_D
4775.000,4466.341,-349.051,,1025.357,closed_catmull_rom_through_station_anchors,GEO_D
4800.000,4477.473,-371.435,,1098.470,closed_catmull_rom_through_station_anchors,GEO_D
4825.000,4488.094,-394.066,,1173.934,closed_catmull_rom_through_station_anchors,GEO_D
4850.000,4498.230,-416.919,,1253.619,closed_catmull_rom_through_station_anchors,GEO_D
4875.000,4507.908,-439.969,,1334.934,closed_catmull_rom_through_station_anchors,GEO_D
4900.000,4517.154,-463.196,,1420.474,closed_catmull_rom_through_station_anchors,GEO_D
4925.000,4525.989,-486.583,,1507.946,closed_catmull_rom_through_station_anchors,GEO_D
4950.000,4534.435,-510.113,,1597.063,closed_catmull_rom_through_station_anchors,GEO_D
4975.000,4542.511,-533.772,,1690.267,closed_catmull_rom_through_station_anchors,GEO_D
5000.000,4550.237,-557.548,,1784.962,closed_catmull_rom_through_station_anchors,GEO_D
5025.000,4557.629,-581.430,,1882.915,closed_catmull_rom_through_station_anchors,GEO_D
5050.000,4564.704,-605.408,,1981.570,closed_catmull_rom_through_station_anchors,GEO_D
5075.000,4571.475,-629.473,,2083.014,closed_catmull_rom_through_station_anchors,GEO_D
5100.000,4577.957,-653.618,,2187.134,closed_catmull_rom_through_station_anchors,GEO_D
5125.000,4584.163,-677.835,,2293.810,closed_catmull_rom_through_station_anchors,GEO_D
5150.000,4590.104,-702.119,,2396.913,closed_catmull_rom_through_station_anchors,GEO_D
5175.000,4595.792,-726.463,,2512.106,closed_catmull_rom_through_station_anchors,GEO_D
5200.000,4601.237,-750.863,,2615.901,closed_catmull_rom_through_station_anchors,GEO_D
5225.000,4606.449,-775.314,,2733.612,closed_catmull_rom_through_station_anchors,GEO_D
5250.000,4611.437,-799.811,,2846.138,closed_catmull_rom_through_station_anchors,GEO_D
5275.000,4616.210,-824.351,,2960.501,closed_catmull_rom_through_station_anchors,GEO_D
5300.000,4620.775,-848.931,,3076.572,closed_catmull_rom_through_station_anchors,GEO_D
5325.000,4625.140,-873.546,,3194.218,closed_catmull_rom_through_station_anchors,GEO_D
5350.000,4629.313,-898.196,,3313.298,closed_catmull_rom_through_station_anchors,GEO_D
5375.000,4633.299,-922.876,,3433.670,closed_catmull_rom_through_station_anchors,GEO_D
5400.000,4637.106,-947.584,,3555.185,closed_catmull_rom_through_station_anchors,GEO_D
5425.000,4640.739,-972.319,,3668.971,closed_catmull_rom_through_station_anchors,GEO_D
5450.000,4644.203,-997.078,,3799.651,closed_catmull_rom_through_station_anchors,GEO_D
5475.000,4647.504,-1021.859,,3919.071,closed_catmull_rom_through_station_anchors,GEO_D
5500.000,4650.647,-1046.660,,4039.682,closed_catmull_rom_through_station_anchors,GEO_D
5525.000,4653.637,-1071.481,,4166.795,closed_catmull_rom_through_station_anchors,GEO_D
5550.000,4656.477,-1096.319,,4287.095,closed_catmull_rom_through_station_anchors,GEO_D
5575.000,4659.173,-1121.173,,4410.491,closed_catmull_rom_through_station_anchors,GEO_D
5600.000,4661.728,-1146.042,,4539.670,closed_catmull_rom_through_station_anchors,GEO_D
5625.000,4664.146,-1170.925,,4651.412,closed_catmull_rom_through_station_anchors,GEO_D
5650.000,4666.430,-1195.820,,4783.662,closed_catmull_rom_through_station_anchors,GEO_D
5675.000,4668.583,-1220.727,,4906.655,closed_catmull_rom_through_station_anchors,GEO_D
5700.000,4670.610,-1245.645,,5022.771,closed_catmull_rom_through_station_anchors,GEO_D
5725.000,4672.513,-1270.572,,5144.104,closed_catmull_rom_through_station_anchors,GEO_D
5750.000,4674.295,-1295.509,,5269.158,closed_catmull_rom_through_station_anchors,GEO_D
5775.000,4675.958,-1320.453,,5387.928,closed_catmull_rom_through_station_anchors,GEO_D
5800.000,4677.506,-1345.405,,5504.366,closed_catmull_rom_through_station_anchors,GEO_D
5825.000,4678.940,-1370.364,,5614.294,closed_catmull_rom_through_station_anchors,GEO_D
5850.000,4680.263,-1395.329,,5737.355,closed_catmull_rom_through_station_anchors,GEO_D
5875.000,4681.477,-1420.300,,5850.494,closed_catmull_rom_through_station_anchors,GEO_D
5900.000,4682.585,-1445.275,,5961.791,closed_catmull_rom_through_station_anchors,GEO_D
5925.000,4683.588,-1470.255,,6067.888,closed_catmull_rom_through_station_anchors,GEO_D
5950.000,4684.488,-1495.239,,6170.517,closed_catmull_rom_through_station_anchors,GEO_D
5975.000,4685.287,-1520.226,,6282.403,closed_catmull_rom_through_station_anchors,GEO_D
6000.000,4685.986,-1545.216,,6384.185,closed_catmull_rom_through_station_anchors,GEO_D
6025.000,4686.587,-1570.209,,6479.928,closed_catmull_rom_through_station_anchors,GEO_D
6050.000,4687.092,-1595.204,,6567.143,closed_catmull_rom_through_station_anchors,GEO_D
6075.000,4687.502,-1620.200,,6670.659,closed_catmull_rom_through_station_anchors,GEO_D
6100.000,4687.818,-1645.198,,6757.449,closed_catmull_rom_through_station_anchors,GEO_D
6125.000,4688.042,-1670.197,,6826.594,closed_catmull_rom_through_station_anchors,GEO_D
6150.000,4688.174,-1695.197,,6924.397,closed_catmull_rom_through_station_anchors,GEO_D
6175.000,4688.216,-1720.197,,6984.536,closed_catmull_rom_through_station_anchors,GEO_D
6200.000,4688.168,-1745.197,,7063.489,closed_catmull_rom_through_station_anchors,GEO_D
6225.000,4688.032,-1770.197,,7118.858,closed_catmull_rom_through_station_anchors,GEO_D
6250.000,4687.808,-1795.196,,7189.521,closed_catmull_rom_through_station_anchors,GEO_D
6275.000,4687.497,-1820.194,,7221.478,closed_catmull_rom_through_station_anchors,GEO_D
6300.000,4687.100,-1845.190,,7284.190,closed_catmull_rom_through_station_anchors,GEO_D
6325.000,4686.616,-1870.186,,7319.836,closed_catmull_rom_through_station_anchors,GEO_D
6350.000,4686.048,-1895.179,,7348.717,closed_catmull_rom_through_station_anchors,GEO_D
6375.000,4685.394,-1920.171,,7369.521,closed_catmull_rom_through_station_anchors,GEO_D
6400.000,4684.656,-1945.160,,7387.032,closed_catmull_rom_through_station_anchors,GEO_D
6425.000,4683.833,-1970.146,,7390.751,closed_catmull_rom_through_station_anchors,GEO_D
6450.000,4682.926,-1995.130,,7390.568,closed_catmull_rom_through_station_anchors,GEO_D
6475.000,4681.934,-2020.110,,7381.061,closed_catmull_rom_through_station_anchors,GEO_D
6500.000,4680.857,-2045.087,,7360.830,closed_catmull_rom_through_station_anchors,GEO_D
6525.000,4679.696,-2070.060,,7313.226,closed_catmull_rom_through_station_anchors,GEO_D
6550.000,4678.449,-2095.029,,7283.822,closed_catmull_rom_through_station_anchors,GEO_D
6575.000,4677.117,-2119.993,,7222.835,closed_catmull_rom_through_station_anchors,GEO_D
6600.000,4675.698,-2144.953,,7147.934,closed_catmull_rom_through_station_anchors,GEO_D
6625.000,4674.192,-2169.907,,7069.171,closed_catmull_rom_through_station_anchors,GEO_D
6650.000,4672.597,-2194.857,,6969.801,closed_catmull_rom_through_station_anchors,GEO_D
6675.000,4670.914,-2219.800,,6865.833,closed_catmull_rom_through_station_anchors,GEO_D
6700.000,4669.139,-2244.737,,5129.649,closed_catmull_rom_through_station_anchors,GEO_D
6725.000,4667.243,-2269.665,,2988.805,closed_catmull_rom_through_station_anchors,GEO_D
6750.000,4665.138,-2294.576,,2942.074,closed_catmull_rom_through_station_anchors,GEO_D
6775.000,4662.822,-2319.468,,2991.326,closed_catmull_rom_through_station_anchors,GEO_D
6800.000,4660.298,-2344.340,,3029.993,closed_catmull_rom_through_station_anchors,GEO_D
6825.000,4657.569,-2369.191,,3080.340,closed_catmull_rom_through_station_anchors,GEO_D
6850.000,4654.638,-2394.018,,3123.250,closed_catmull_rom_through_station_anchors,GEO_D
6875.000,4651.508,-2418.822,,3170.723,closed_catmull_rom_through_station_anchors,GEO_D
6900.000,4648.183,-2443.600,,3218.948,closed_catmull_rom_through_station_anchors,GEO_D
6925.000,4644.666,-2468.351,,3263.823,closed_catmull_rom_through_station_anchors,GEO_D
6950.000,4640.959,-2493.074,,3317.049,closed_catmull_rom_through_station_anchors,GEO_D
6975.000,4637.066,-2517.769,,3359.492,closed_catmull_rom_through_station_anchors,GEO_D
7000.000,4632.989,-2542.435,,3416.717,closed_catmull_rom_through_station_anchors,GEO_D
7025.000,4628.732,-2567.069,,3459.224,closed_catmull_rom_through_station_anchors,GEO_D
7050.000,4624.297,-2591.673,,3517.023,closed_catmull_rom_through_station_anchors,GEO_D
7075.000,4619.688,-2616.244,,3562.957,closed_catmull_rom_through_station_anchors,GEO_D
7100.000,4614.906,-2640.783,,3618.600,closed_catmull_rom_through_station_anchors,GEO_D
7125.000,4609.954,-2665.287,,3669.081,closed_catmull_rom_through_station_anchors,GEO_D
7150.000,4604.836,-2689.758,,3722.068,closed_catmull_rom_through_station_anchors,GEO_D
7175.000,4599.553,-2714.193,,3777.637,closed_catmull_rom_through_station_anchors,GEO_D
7200.000,4594.109,-2738.593,,3827.182,closed_catmull_rom_through_station_anchors,GEO_D
7225.000,4588.506,-2762.957,,3888.319,closed_catmull_rom_through_station_anchors,GEO_D
7250.000,4582.746,-2787.284,,3934.434,closed_catmull_rom_through_station_anchors,GEO_D
7275.000,4576.831,-2811.575,,3998.100,closed_catmull_rom_through_station_anchors,GEO_D
7300.000,4570.765,-2835.827,,4049.097,closed_catmull_rom_through_station_anchors,GEO_D
7325.000,4564.549,-2860.042,,4106.334,closed_catmull_rom_through_station_anchors,GEO_D
7350.000,4558.186,-2884.219,,4166.533,closed_catmull_rom_through_station_anchors,GEO_D
7375.000,4551.678,-2908.357,,4215.154,closed_catmull_rom_through_station_anchors,GEO_D
7400.000,4545.027,-2932.456,,4280.913,closed_catmull_rom_through_station_anchors,GEO_D
7425.000,4538.235,-2956.516,,4336.445,closed_catmull_rom_through_station_anchors,GEO_D
7450.000,4531.305,-2980.536,,4390.307,closed_catmull_rom_through_station_anchors,GEO_D
7475.000,4524.238,-3004.516,,4454.635,closed_catmull_rom_through_station_anchors,GEO_D
7500.000,4517.037,-3028.456,,4512.725,closed_catmull_rom_through_station_anchors,GEO_D
7525.000,4509.703,-3052.357,,4565.337,closed_catmull_rom_through_station_anchors,GEO_D
7550.000,4502.238,-3076.216,,4631.205,closed_catmull_rom_through_station_anchors,GEO_D
7575.000,4494.644,-3100.035,,4690.386,closed_catmull_rom_through_station_anchors,GEO_D
7600.000,4486.924,-3123.813,,4749.819,closed_catmull_rom_through_station_anchors,GEO_D
7625.000,4479.079,-3147.550,,4805.868,closed_catmull_rom_through_station_anchors,GEO_D
7650.000,4471.110,-3171.246,,4869.360,closed_catmull_rom_through_station_anchors,GEO_D
7675.000,4463.020,-3194.901,,4930.361,closed_catmull_rom_through_station_anchors,GEO_D
7700.000,4454.810,-3218.514,,4990.712,closed_catmull_rom_through_station_anchors,GEO_D
7725.000,4446.482,-3242.086,,5051.261,closed_catmull_rom_through_station_anchors,GEO_D
7750.000,4438.037,-3265.617,,5111.998,closed_catmull_rom_through_station_anchors,GEO_D
7775.000,4429.477,-3289.106,,5172.914,closed_catmull_rom_through_station_anchors,GEO_D
7800.000,4420.804,-3312.553,,5234.001,closed_catmull_rom_through_station_anchors,GEO_D
7825.000,4412.019,-3335.958,,5295.251,closed_catmull_rom_through_station_anchors,GEO_D
7850.000,4403.123,-3359.322,,5356.655,closed_catmull_rom_through_station_anchors,GEO_D
7875.000,4394.119,-3382.644,,5418.207,closed_catmull_rom_through_station_anchors,GEO_D
7900.000,4385.007,-3405.924,,5479.143,closed_catmull_rom_through_station_anchors,GEO_D
7925.000,4375.789,-3429.163,,5535.567,closed_catmull_rom_through_station_anchors,GEO_D
7950.000,4366.466,-3452.360,,5602.603,closed_catmull_rom_through_station_anchors,GEO_D
7975.000,4357.039,-3475.514,,5664.670,closed_catmull_rom_through_station_anchors,GEO_D
8000.000,4347.511,-3498.627,,5716.817,closed_catmull_rom_through_station_anchors,GEO_D
8025.000,4337.881,-3521.698,,5786.777,closed_catmull_rom_through_station_anchors,GEO_D
8050.000,4328.152,-3544.727,,5840.301,closed_catmull_rom_through_station_anchors,GEO_D
8075.000,4318.325,-3567.715,,5907.289,closed_catmull_rom_through_station_anchors,GEO_D
8100.000,4308.400,-3590.660,,5957.407,closed_catmull_rom_through_station_anchors,GEO_D
8125.000,4298.379,-3613.564,,6025.441,closed_catmull_rom_through_station_anchors,GEO_D
8150.000,4288.263,-3636.426,,6082.914,closed_catmull_rom_through_station_anchors,GEO_D
8175.000,4278.053,-3659.246,,6140.390,closed_catmull_rom_through_station_anchors,GEO_D
8200.000,4267.751,-3682.025,,6196.885,closed_catmull_rom_through_station_anchors,GEO_D
8225.000,4257.356,-3704.761,,6257.239,closed_catmull_rom_through_station_anchors,GEO_D
8250.000,4246.871,-3727.456,,6312.246,closed_catmull_rom_through_station_anchors,GEO_D
8275.000,4236.296,-3750.109,,6370.343,closed_catmull_rom_through_station_anchors,GEO_D
8300.000,4225.633,-3772.721,,6428.173,closed_catmull_rom_through_station_anchors,GEO_D
8325.000,4214.881,-3795.291,,6485.758,closed_catmull_rom_through_station_anchors,GEO_D
8350.000,4204.042,-3817.819,,6530.565,closed_catmull_rom_through_station_anchors,GEO_D
8375.000,4193.118,-3840.306,,6596.562,closed_catmull_rom_through_station_anchors,GEO_D
8400.000,4182.108,-3862.751,,6641.474,closed_catmull_rom_through_station_anchors,GEO_D
8425.000,4171.014,-3885.155,,6696.206,closed_catmull_rom_through_station_anchors,GEO_D
8450.000,4159.836,-3907.516,,6748.853,closed_catmull_rom_through_station_anchors,GEO_D
8475.000,4148.575,-3929.837,,4786.361,closed_catmull_rom_through_station_anchors,GEO_D
8500.000,4137.198,-3952.098,,2960.243,closed_catmull_rom_through_station_anchors,GEO_D
8525.000,4125.634,-3974.262,,2963.757,closed_catmull_rom_through_station_anchors,GEO_D
8550.000,4113.883,-3996.328,,3006.156,closed_catmull_rom_through_station_anchors,GEO_D
8575.000,4101.948,-4018.296,,3048.089,closed_catmull_rom_through_station_anchors,GEO_D
8600.000,4089.834,-4040.165,,3089.490,closed_catmull_rom_through_station_anchors,GEO_D
8625.000,4077.544,-4061.935,,3130.292,closed_catmull_rom_through_station_anchors,GEO_D
8650.000,4065.080,-4083.606,,3169.951,closed_catmull_rom_through_station_anchors,GEO_D
8675.000,4052.445,-4105.178,,3209.279,closed_catmull_rom_through_station_anchors,GEO_D
8700.000,4039.643,-4126.652,,3248.264,closed_catmull_rom_through_station_anchors,GEO_D
8725.000,4026.676,-4148.026,,3285.944,closed_catmull_rom_through_station_anchors,GEO_D
8750.000,4013.546,-4169.301,,3322.669,closed_catmull_rom_through_station_anchors,GEO_D
8775.000,4000.257,-4190.476,,3358.362,closed_catmull_rom_through_station_anchors,GEO_D
8800.000,3986.811,-4211.552,,3392.948,closed_catmull_rom_through_station_anchors,GEO_D
8825.000,3973.210,-4232.528,,3426.189,closed_catmull_rom_through_station_anchors,GEO_D
8850.000,3959.456,-4253.405,,3455.609,closed_catmull_rom_through_station_anchors,GEO_D
8875.000,3945.551,-4274.181,,3488.941,closed_catmull_rom_through_station_anchors,GEO_D
8900.000,3931.498,-4294.857,,3518.280,closed_catmull_rom_through_station_anchors,GEO_D
8925.000,3917.299,-4315.433,,3544.117,closed_catmull_rom_through_station_anchors,GEO_D
8950.000,3902.954,-4335.908,,3569.410,closed_catmull_rom_through_station_anchors,GEO_D
8975.000,3888.467,-4356.283,,3596.463,closed_catmull_rom_through_station_anchors,GEO_D
9000.000,3873.838,-4376.556,,3613.680,closed_catmull_rom_through_station_anchors,GEO_D
9025.000,3859.069,-4396.727,,3639.001,closed_catmull_rom_through_station_anchors,GEO_D
9050.000,3844.162,-4416.796,,3651.871,closed_catmull_rom_through_station_anchors,GEO_D
9075.000,3829.118,-4436.763,,3672.317,closed_catmull_rom_through_station_anchors,GEO_D
9100.000,3813.939,-4456.627,,3682.610,closed_catmull_rom_through_station_anchors,GEO_D
9125.000,3798.625,-4476.388,,3694.122,closed_catmull_rom_through_station_anchors,GEO_D
9150.000,3783.177,-4496.044,,3703.819,closed_catmull_rom_through_station_anchors,GEO_D
9175.000,3767.597,-4515.596,,3709.154,closed_catmull_rom_through_station_anchors,GEO_D
9200.000,3751.886,-4535.042,,3711.908,closed_catmull_rom_through_station_anchors,GEO_D
9225.000,3736.044,-4554.382,,3711.997,closed_catmull_rom_through_station_anchors,GEO_D
9250.000,3720.073,-4573.615,,3709.338,closed_catmull_rom_through_station_anchors,GEO_D
9275.000,3703.972,-4592.740,,3703.848,closed_catmull_rom_through_station_anchors,GEO_D
9300.000,3687.742,-4611.755,,3695.093,closed_catmull_rom_through_station_anchors,GEO_D
9325.000,3671.384,-4630.661,,3679.207,closed_catmull_rom_through_station_anchors,GEO_D
9350.000,3654.898,-4649.455,,3668.406,closed_catmull_rom_through_station_anchors,GEO_D
9375.000,3638.284,-4668.136,,3643.154,closed_catmull_rom_through_station_anchors,GEO_D
9400.000,3621.543,-4686.702,,3623.769,closed_catmull_rom_through_station_anchors,GEO_D
9425.000,3604.674,-4705.153,,3595.576,closed_catmull_rom_through_station_anchors,GEO_D
9450.000,3587.677,-4723.486,,3563.976,closed_catmull_rom_through_station_anchors,GEO_D
9475.000,3570.551,-4741.699,,3528.920,closed_catmull_rom_through_station_anchors,GEO_D
9500.000,3553.297,-4759.791,,3490.365,closed_catmull_rom_through_station_anchors,GEO_D
9525.000,3535.914,-4777.758,,3444.506,closed_catmull_rom_through_station_anchors,GEO_D
9550.000,3518.401,-4795.599,,3399.472,closed_catmull_rom_through_station_anchors,GEO_D
9575.000,3500.758,-4813.310,,3344.087,closed_catmull_rom_through_station_anchors,GEO_D
9600.000,3482.982,-4830.889,,3288.848,closed_catmull_rom_through_station_anchors,GEO_D
9625.000,3465.073,-4848.333,,3226.471,closed_catmull_rom_through_station_anchors,GEO_D
9650.000,3447.030,-4865.637,,3160.281,closed_catmull_rom_through_station_anchors,GEO_D
9675.000,3428.851,-4882.798,,3090.208,closed_catmull_rom_through_station_anchors,GEO_D
9700.000,3410.533,-4899.811,,3013.957,closed_catmull_rom_through_station_anchors,GEO_D
9725.000,3392.074,-4916.672,,2933.169,closed_catmull_rom_through_station_anchors,GEO_D
9750.000,3373.473,-4933.375,,2849.153,closed_catmull_rom_through_station_anchors,GEO_D
9775.000,3354.726,-4949.914,,2757.777,closed_catmull_rom_through_station_anchors,GEO_D
9800.000,3335.829,-4966.282,,2664.632,closed_catmull_rom_through_station_anchors,GEO_D
9825.000,3316.780,-4982.473,,2565.105,closed_catmull_rom_through_station_anchors,GEO_D
9850.000,3297.574,-4998.476,,2461.942,closed_catmull_rom_through_station_anchors,GEO_D
9875.000,3278.207,-5014.284,,2353.099,closed_catmull_rom_through_station_anchors,GEO_D
9900.000,3258.672,-5029.886,,1743.366,closed_catmull_rom_through_station_anchors,GEO_D
9925.000,3238.916,-5045.205,,1345.948,closed_catmull_rom_through_station_anchors,GEO_D
9950.000,3218.879,-5060.155,,1304.054,closed_catmull_rom_through_station_anchors,GEO_D
9975.000,3198.560,-5074.718,,1266.951,closed_catmull_rom_through_station_anchors,GEO_D
10000.000,3177.956,-5088.878,,1232.768,closed_catmull_rom_through_station_anchors,GEO_D
10025.000,3157.070,-5102.616,,1203.072,closed_catmull_rom_through_station_anchors,GEO_D
10050.000,3135.903,-5115.918,,1176.823,closed_catmull_rom_through_station_anchors,GEO_D
10075.000,3114.458,-5128.767,,1155.083,closed_catmull_rom_through_station_anchors,GEO_D
10100.000,3092.740,-5141.149,,1137.337,closed_catmull_rom_through_station_anchors,GEO_D
10125.000,3070.756,-5153.050,,1124.213,closed_catmull_rom_through_station_anchors,GEO_D
10150.000,3048.512,-5164.460,,1115.385,closed_catmull_rom_through_station_anchors,GEO_D
10175.000,3026.018,-5175.368,,1111.705,closed_catmull_rom_through_station_anchors,GEO_D
10200.000,3003.284,-5185.768,,1112.805,closed_catmull_rom_through_station_anchors,GEO_D
10225.000,2980.323,-5195.654,,1119.799,closed_catmull_rom_through_station_anchors,GEO_D
10250.000,2957.146,-5205.026,,1132.271,closed_catmull_rom_through_station_anchors,GEO_D
10275.000,2933.768,-5213.883,,1151.507,closed_catmull_rom_through_station_anchors,GEO_D
10300.000,2910.204,-5222.231,,1177.571,closed_catmull_rom_through_station_anchors,GEO_D
10325.000,2886.467,-5230.077,,1211.661,closed_catmull_rom_through_station_anchors,GEO_D
10350.000,2862.574,-5237.431,,1254.133,closed_catmull_rom_through_station_anchors,GEO_D
10375.000,2838.539,-5244.308,,1307.533,closed_catmull_rom_through_station_anchors,GEO_D
10400.000,2814.376,-5250.723,,1371.522,closed_catmull_rom_through_station_anchors,GEO_D
10425.000,2790.101,-5256.698,,1450.359,closed_catmull_rom_through_station_anchors,GEO_D
10450.000,2765.726,-5262.253,,1545.077,closed_catmull_rom_through_station_anchors,GEO_D
10475.000,2741.265,-5267.413,,1659.915,closed_catmull_rom_through_station_anchors,GEO_D
10500.000,2716.728,-5272.204,,1799.449,closed_catmull_rom_through_station_anchors,GEO_D
10525.000,2692.128,-5276.654,,1971.363,closed_catmull_rom_through_station_anchors,GEO_D
10550.000,2667.473,-5280.791,,2184.633,closed_catmull_rom_through_station_anchors,GEO_D
10575.000,2642.772,-5284.646,,2453.799,closed_catmull_rom_through_station_anchors,GEO_D
10600.000,2618.033,-5288.249,,2800.089,closed_catmull_rom_through_station_anchors,GEO_D
10625.000,2593.263,-5291.631,,3262.567,closed_catmull_rom_through_station_anchors,GEO_D
10650.000,2568.467,-5294.823,,3899.272,closed_catmull_rom_through_station_anchors,GEO_D
10675.000,2543.652,-5297.856,,4833.725,closed_catmull_rom_through_station_anchors,GEO_D
10700.000,2518.821,-5300.761,,6318.302,closed_catmull_rom_through_station_anchors,GEO_D
10725.000,2493.980,-5303.568,,9032.052,closed_catmull_rom_through_station_anchors,GEO_D
10750.000,2469.130,-5306.305,,15524.337,closed_catmull_rom_through_station_anchors,GEO_D
10775.000,2444.276,-5309.003,,51179.064,closed_catmull_rom_through_station_anchors,GEO_D
10800.000,2419.421,-5311.689,,46569.790,closed_catmull_rom_through_station_anchors,GEO_D
10825.000,2394.567,-5314.388,,10704.074,closed_catmull_rom_through_station_anchors,GEO_D
10850.000,2369.707,-5317.029,,5171.359,closed_catmull_rom_through_station_anchors,GEO_D
10875.000,2344.834,-5319.549,,4627.894,closed_catmull_rom_through_station_anchors,GEO_D
10900.000,2319.948,-5321.935,,4189.480,closed_catmull_rom_through_station_anchors,GEO_D
10925.000,2295.049,-5324.173,,3832.870,closed_catmull_rom_through_station_anchors,GEO_D
10950.000,2270.135,-5326.248,,3534.943,closed_catmull_rom_through_station_anchors,GEO_D
10975.000,2245.207,-5328.147,,3283.091,closed_catmull_rom_through_station_anchors,GEO_D
11000.000,2220.266,-5329.856,,3067.585,closed_catmull_rom_through_station_anchors,GEO_D
11025.000,2195.311,-5331.362,,2882.184,closed_catmull_rom_through_station_anchors,GEO_D
11050.000,2170.345,-5332.652,,2721.103,closed_catmull_rom_through_station_anchors,GEO_D
11075.000,2145.367,-5333.711,,2579.936,closed_catmull_rom_through_station_anchors,GEO_D
11100.000,2120.381,-5334.529,,2455.750,closed_catmull_rom_through_station_anchors,GEO_D
11125.000,2095.387,-5335.093,,2345.841,closed_catmull_rom_through_station_anchors,GEO_D
11150.000,2070.389,-5335.390,,2248.239,closed_catmull_rom_through_station_anchors,GEO_D
11175.000,2045.389,-5335.409,,2162.101,closed_catmull_rom_through_station_anchors,GEO_D
11200.000,2020.391,-5335.139,,2085.221,closed_catmull_rom_through_station_anchors,GEO_D
11225.000,1995.397,-5334.569,,2015.480,closed_catmull_rom_through_station_anchors,GEO_D
11250.000,1970.413,-5333.689,,1955.419,closed_catmull_rom_through_station_anchors,GEO_D
11275.000,1945.442,-5332.490,,1899.600,closed_catmull_rom_through_station_anchors,GEO_D
11300.000,1920.489,-5330.963,,1851.841,closed_catmull_rom_through_station_anchors,GEO_D
11325.000,1895.559,-5329.098,,1808.646,closed_catmull_rom_through_station_anchors,GEO_D
11350.000,1870.657,-5326.890,,1770.547,closed_catmull_rom_through_station_anchors,GEO_D
11375.000,1845.788,-5324.329,,1737.211,closed_catmull_rom_through_station_anchors,GEO_D
11400.000,1820.959,-5321.412,,1708.324,closed_catmull_rom_through_station_anchors,GEO_D
11425.000,1796.176,-5318.131,,1682.846,closed_catmull_rom_through_station_anchors,GEO_D
11450.000,1771.444,-5314.483,,1662.066,closed_catmull_rom_through_station_anchors,GEO_D
11475.000,1746.769,-5310.462,,1643.749,closed_catmull_rom_through_station_anchors,GEO_D
11500.000,1722.159,-5306.068,,1629.781,closed_catmull_rom_through_station_anchors,GEO_D
11525.000,1697.619,-5301.296,,1618.430,closed_catmull_rom_through_station_anchors,GEO_D
11550.000,1673.155,-5296.145,,1610.332,closed_catmull_rom_through_station_anchors,GEO_D
11575.000,1648.775,-5290.616,,1604.354,closed_catmull_rom_through_station_anchors,GEO_D
11600.000,1624.483,-5284.707,,1602.706,closed_catmull_rom_through_station_anchors,GEO_D
11625.000,1600.287,-5278.420,,1601.936,closed_catmull_rom_through_station_anchors,GEO_D
11650.000,1576.192,-5271.757,,1605.078,closed_catmull_rom_through_station_anchors,GEO_D
11675.000,1552.203,-5264.718,,1609.861,closed_catmull_rom_through_station_anchors,GEO_D
11700.000,1528.327,-5257.308,,1617.684,closed_catmull_rom_through_station_anchors,GEO_D
11725.000,1504.568,-5249.530,,1627.592,closed_catmull_rom_through_station_anchors,GEO_D
11750.000,1480.931,-5241.388,,1639.771,closed_catmull_rom_through_station_anchors,GEO_D
11775.000,1457.421,-5232.887,,1604.882,closed_catmull_rom_through_station_anchors,GEO_D
11800.000,1434.046,-5224.021,,1354.792,closed_catmull_rom_through_station_anchors,GEO_D
11825.000,1410.840,-5214.724,,1356.798,closed_catmull_rom_through_station_anchors,GEO_D
11850.000,1387.808,-5205.002,,1411.012,closed_catmull_rom_through_station_anchors,GEO_D
11875.000,1364.952,-5194.873,,1472.293,closed_catmull_rom_through_station_anchors,GEO_D
11900.000,1342.271,-5184.358,,1543.449,closed_catmull_rom_through_station_anchors,GEO_D
11925.000,1319.764,-5173.476,,1623.237,closed_catmull_rom_through_station_anchors,GEO_D
11950.000,1297.427,-5162.249,,1713.270,closed_catmull_rom_through_station_anchors,GEO_D
11975.000,1275.256,-5150.698,,1815.565,closed_catmull_rom_through_station_anchors,GEO_D
12000.000,1253.246,-5138.842,,1931.313,closed_catmull_rom_through_station_anchors,GEO_D
12025.000,1231.392,-5126.702,,2061.751,closed_catmull_rom_through_station_anchors,GEO_D
12050.000,1209.686,-5114.298,,2209.879,closed_catmull_rom_through_station_anchors,GEO_D
12075.000,1188.122,-5101.650,,2378.573,closed_catmull_rom_through_station_anchors,GEO_D
12100.000,1166.692,-5088.775,,2570.174,closed_catmull_rom_through_station_anchors,GEO_D
12125.000,1145.388,-5075.693,,2790.832,closed_catmull_rom_through_station_anchors,GEO_D
12150.000,1124.203,-5062.420,,3043.951,closed_catmull_rom_through_station_anchors,GEO_D
12175.000,1103.127,-5048.974,,3339.515,closed_catmull_rom_through_station_anchors,GEO_D
12200.000,1082.152,-5035.370,,3684.183,closed_catmull_rom_through_station_anchors,GEO_D
12225.000,1061.270,-5021.625,,4092.305,closed_catmull_rom_through_station_anchors,GEO_D
12250.000,1040.472,-5007.752,,4577.200,closed_catmull_rom_through_station_anchors,GEO_D
12275.000,1019.751,-4993.765,,5174.006,closed_catmull_rom_through_station_anchors,GEO_D
12300.000,999.097,-4979.679,,5903.062,closed_catmull_rom_through_station_anchors,GEO_D
12325.000,978.503,-4965.505,,6827.606,closed_catmull_rom_through_station_anchors,GEO_D
12350.000,957.962,-4951.256,,8029.800,closed_catmull_rom_through_station_anchors,GEO_D
12375.000,937.464,-4936.944,,9652.735,closed_catmull_rom_through_station_anchors,GEO_D
12400.000,917.004,-4922.578,,11958.029,closed_catmull_rom_through_station_anchors,GEO_D
12425.000,896.574,-4908.169,,15453.058,closed_catmull_rom_through_station_anchors,GEO_D
12450.000,876.167,-4893.727,,21450.274,closed_catmull_rom_through_station_anchors,GEO_D
12475.000,855.777,-4879.262,,33916.384,closed_catmull_rom_through_station_anchors,GEO_D
12500.000,835.398,-4864.781,,75639.401,closed_catmull_rom_through_station_anchors,GEO_D
12525.000,815.023,-4850.294,,454030.788,closed_catmull_rom_through_station_anchors,GEO_D
12550.000,794.648,-4835.808,,59504.975,closed_catmull_rom_through_station_anchors,GEO_D
12575.000,774.267,-4821.330,,32639.042,closed_catmull_rom_through_station_anchors,GEO_D
12600.000,753.874,-4806.869,,22888.433,closed_catmull_rom_through_station_anchors,GEO_D
12625.000,733.466,-4792.429,,17845.719,closed_catmull_rom_through_station_anchors,GEO_D
12650.000,713.038,-4778.018,,14776.659,closed_catmull_rom_through_station_anchors,GEO_D
12675.000,692.585,-4763.641,,12716.111,closed_catmull_rom_through_station_anchors,GEO_D
12700.000,672.104,-4749.305,,11231.002,closed_catmull_rom_through_station_anchors,GEO_D
12725.000,651.591,-4735.015,,10133.169,closed_catmull_rom_through_station_anchors,GEO_D
12750.000,631.043,-4720.775,,9272.817,closed_catmull_rom_through_station_anchors,GEO_D
12775.000,610.456,-4706.590,,8587.512,closed_catmull_rom_through_station_anchors,GEO_D
12800.000,589.829,-4692.466,,8032.437,closed_catmull_rom_through_station_anchors,GEO_D
12825.000,569.157,-4678.405,,7575.998,closed_catmull_rom_through_station_anchors,GEO_D
12850.000,548.440,-4664.414,,7196.180,closed_catmull_rom_through_station_anchors,GEO_D
12875.000,527.673,-4650.494,,6862.252,closed_catmull_rom_through_station_anchors,GEO_D
12900.000,506.857,-4636.649,,6593.904,closed_catmull_rom_through_station_anchors,GEO_D
12925.000,485.987,-4622.884,,6352.750,closed_catmull_rom_through_station_anchors,GEO_D
12950.000,465.064,-4609.202,,6144.944,closed_catmull_rom_through_station_anchors,GEO_D
12975.000,444.086,-4595.604,,5965.323,closed_catmull_rom_through_station_anchors,GEO_D
13000.000,423.050,-4582.094,,5809.800,closed_catmull_rom_through_station_anchors,GEO_D
13025.000,401.957,-4568.675,,5674.632,closed_catmull_rom_through_station_anchors,GEO_D
13050.000,380.804,-4555.349,,5545.631,closed_catmull_rom_through_station_anchors,GEO_D
13075.000,359.592,-4542.119,,3076.969,closed_catmull_rom_through_station_anchors,GEO_D
13100.000,338.274,-4529.062,,1454.464,closed_catmull_rom_through_station_anchors,GEO_D
13125.000,316.734,-4516.372,,1587.778,closed_catmull_rom_through_station_anchors,GEO_D
13150.000,294.996,-4504.024,,1790.731,closed_catmull_rom_through_station_anchors,GEO_D
13175.000,273.089,-4491.980,,2015.757,closed_catmull_rom_through_station_anchors,GEO_D
13200.000,251.034,-4480.209,,2258.949,closed_catmull_rom_through_station_anchors,GEO_D
13225.000,228.850,-4468.682,,2529.322,closed_catmull_rom_through_station_anchors,GEO_D
13250.000,206.553,-4457.376,,2821.554,closed_catmull_rom_through_station_anchors,GEO_D
13275.000,184.156,-4446.267,,3145.430,closed_catmull_rom_through_station_anchors,GEO_D
13300.000,161.672,-4435.337,,3507.139,closed_catmull_rom_through_station_anchors,GEO_D
13325.000,139.111,-4424.567,,3908.415,closed_catmull_rom_through_station_anchors,GEO_D
13350.000,116.481,-4413.942,,4357.726,closed_catmull_rom_through_station_anchors,GEO_D
13375.000,93.791,-4403.447,,4866.152,closed_catmull_rom_through_station_anchors,GEO_D
13400.000,71.047,-4393.068,,5453.039,closed_catmull_rom_through_station_anchors,GEO_D
13425.000,48.256,-4382.794,,6126.200,closed_catmull_rom_through_station_anchors,GEO_D
13450.000,25.423,-4372.613,,6916.397,closed_catmull_rom_through_station_anchors,GEO_D
13475.000,2.553,-4362.515,,7843.030,closed_catmull_rom_through_station_anchors,GEO_D
13500.000,-20.348,-4352.489,,9002.774,closed_catmull_rom_through_station_anchors,GEO_D
13525.000,-43.278,-4342.528,,10406.232,closed_catmull_rom_through_station_anchors,GEO_D
13550.000,-66.231,-4332.621,,12229.648,closed_catmull_rom_through_station_anchors,GEO_D
13575.000,-89.205,-4322.761,,14621.169,closed_catmull_rom_through_station_anchors,GEO_D
13600.000,-112.195,-4312.941,,18035.482,closed_catmull_rom_through_station_anchors,GEO_D
13625.000,-135.199,-4303.152,,23137.258,closed_catmull_rom_through_station_anchors,GEO_D
13650.000,-158.214,-4293.388,,31782.804,closed_catmull_rom_through_station_anchors,GEO_D
13675.000,-181.236,-4283.643,,49716.841,closed_catmull_rom_through_station_anchors,GEO_D
13700.000,-204.263,-4273.908,,109805.443,closed_catmull_rom_through_station_anchors,GEO_D
13725.000,-227.292,-4264.180,,624914.012,closed_catmull_rom_through_station_anchors,GEO_D
13750.000,-250.321,-4254.450,,82856.068,closed_catmull_rom_through_station_anchors,GEO_D
13775.000,-273.347,-4244.713,,44743.905,closed_catmull_rom_through_station_anchors,GEO_D
13800.000,-296.368,-4234.964,,30787.748,closed_catmull_rom_through_station_anchors,GEO_D
13825.000,-319.381,-4225.195,,23522.837,closed_catmull_rom_through_station_anchors,GEO_D
13850.000,-342.383,-4215.403,,19052.685,closed_catmull_rom_through_station_anchors,GEO_D
13875.000,-365.372,-4205.580,,16014.016,closed_catmull_rom_through_station_anchors,GEO_D
13900.000,-388.346,-4195.721,,13806.180,closed_catmull_rom_through_station_anchors,GEO_D
13925.000,-411.302,-4185.821,,12111.762,closed_catmull_rom_through_station_anchors,GEO_D
13950.000,-434.238,-4175.873,,10782.445,closed_catmull_rom_through_station_anchors,GEO_D
13975.000,-457.150,-4165.872,,9709.361,closed_catmull_rom_through_station_anchors,GEO_D
14000.000,-480.037,-4155.812,,8810.867,closed_catmull_rom_through_station_anchors,GEO_D
14025.000,-502.895,-4145.688,,8049.321,closed_catmull_rom_through_station_anchors,GEO_D
14050.000,-525.722,-4135.492,,7393.637,closed_catmull_rom_through_station_anchors,GEO_D
14075.000,-548.513,-4125.219,,6817.361,closed_catmull_rom_through_station_anchors,GEO_D
14100.000,-571.267,-4114.863,,6314.540,closed_catmull_rom_through_station_anchors,GEO_D
14125.000,-593.980,-4104.417,,5867.757,closed_catmull_rom_through_station_anchors,GEO_D
14150.000,-616.649,-4093.874,,5463.782,closed_catmull_rom_through_station_anchors,GEO_D
14175.000,-639.268,-4083.227,,5098.030,closed_catmull_rom_through_station_anchors,GEO_D
14200.000,-661.835,-4072.470,,4764.756,closed_catmull_rom_through_station_anchors,GEO_D
14225.000,-684.346,-4061.594,,4459.371,closed_catmull_rom_through_station_anchors,GEO_D
14250.000,-706.795,-4050.593,,4175.920,closed_catmull_rom_through_station_anchors,GEO_D
14275.000,-729.178,-4039.457,,3912.855,closed_catmull_rom_through_station_anchors,GEO_D
14300.000,-751.489,-4028.178,,3674.149,closed_catmull_rom_through_station_anchors,GEO_D
14325.000,-773.723,-4016.748,,3449.295,closed_catmull_rom_through_station_anchors,GEO_D
14350.000,-795.873,-4005.157,,3230.264,closed_catmull_rom_through_station_anchors,GEO_D
14375.000,-817.934,-3993.395,,3038.122,closed_catmull_rom_through_station_anchors,GEO_D
14400.000,-839.896,-3981.452,,2845.260,closed_catmull_rom_through_station_anchors,GEO_D
14425.000,-861.753,-3969.316,,2673.487,closed_catmull_rom_through_station_anchors,GEO_D
14450.000,-883.495,-3956.976,,2504.221,closed_catmull_rom_through_station_anchors,GEO_D
14475.000,-905.113,-3944.420,,2344.851,closed_catmull_rom_through_station_anchors,GEO_D
14500.000,-926.596,-3931.635,,2197.492,closed_catmull_rom_through_station_anchors,GEO_D
14525.000,-947.933,-3918.605,,2054.986,closed_catmull_rom_through_station_anchors,GEO_D
14550.000,-969.109,-3905.317,,1919.229,closed_catmull_rom_through_station_anchors,GEO_D
14575.000,-990.110,-3891.755,,1794.230,closed_catmull_rom_through_station_anchors,GEO_D
14600.000,-1010.920,-3877.901,,1671.047,closed_catmull_rom_through_station_anchors,GEO_D
14625.000,-1031.520,-3863.737,,1557.828,closed_catmull_rom_through_station_anchors,GEO_D
14650.000,-1051.891,-3849.245,,1447.706,closed_catmull_rom_through_station_anchors,GEO_D
14675.000,-1072.008,-3834.403,,1344.123,closed_catmull_rom_through_station_anchors,GEO_D
14700.000,-1091.845,-3819.190,,1246.887,closed_catmull_rom_through_station_anchors,GEO_D
14725.000,-1111.374,-3803.582,,1155.816,closed_catmull_rom_through_station_anchors,GEO_D
14750.000,-1130.560,-3787.555,,1066.412,closed_catmull_rom_through_station_anchors,GEO_D
14775.000,-1149.366,-3771.083,,986.151,closed_catmull_rom_through_station_anchors,GEO_D
14800.000,-1167.747,-3754.139,,909.212,closed_catmull_rom_through_station_anchors,GEO_D
14825.000,-1185.656,-3736.697,,836.666,closed_catmull_rom_through_station_anchors,GEO_D
14850.000,-1203.036,-3718.728,,770.873,closed_catmull_rom_through_station_anchors,GEO_D
14875.000,-1219.824,-3700.204,,708.279,closed_catmull_rom_through_station_anchors,GEO_D
14900.000,-1235.947,-3681.100,,651.406,closed_catmull_rom_through_station_anchors,GEO_D
14925.000,-1251.325,-3661.392,,600.131,closed_catmull_rom_through_station_anchors,GEO_D
14950.000,-1265.870,-3641.060,,552.942,closed_catmull_rom_through_station_anchors,GEO_D
14975.000,-1279.480,-3620.093,,511.425,closed_catmull_rom_through_station_anchors,GEO_D
15000.000,-1292.049,-3598.485,,474.847,closed_catmull_rom_through_station_anchors,GEO_D
15025.000,-1303.463,-3576.247,,443.021,closed_catmull_rom_through_station_anchors,GEO_D
15050.000,-1313.605,-3553.400,,417.294,closed_catmull_rom_through_station_anchors,GEO_D
15075.000,-1322.361,-3529.988,,396.029,closed_catmull_rom_through_station_anchors,GEO_D
15100.000,-1329.622,-3506.070,,393.082,closed_catmull_rom_through_station_anchors,GEO_D
15125.000,-1335.348,-3481.739,,410.030,closed_catmull_rom_through_station_anchors,GEO_D
15150.000,-1339.581,-3457.103,,432.423,closed_catmull_rom_through_station_anchors,GEO_D
15175.000,-1342.384,-3432.264,,461.301,closed_catmull_rom_through_station_anchors,GEO_D
15200.000,-1343.837,-3407.309,,494.767,closed_catmull_rom_through_station_anchors,GEO_D
15225.000,-1344.027,-3382.313,,533.892,closed_catmull_rom_through_station_anchors,GEO_D
15250.000,-1343.048,-3357.334,,578.276,closed_catmull_rom_through_station_anchors,GEO_D
15275.000,-1340.990,-3332.421,,628.167,closed_catmull_rom_through_station_anchors,GEO_D
15300.000,-1337.942,-3307.609,,682.950,closed_catmull_rom_through_station_anchors,GEO_D
15325.000,-1333.988,-3282.925,,743.816,closed_catmull_rom_through_station_anchors,GEO_D
15350.000,-1329.207,-3258.387,,810.249,closed_catmull_rom_through_station_anchors,GEO_D
15375.000,-1323.671,-3234.009,,881.524,closed_catmull_rom_through_station_anchors,GEO_D
15400.000,-1317.446,-3209.797,,958.444,closed_catmull_rom_through_station_anchors,GEO_D
15425.000,-1310.592,-3185.756,,1042.032,closed_catmull_rom_through_station_anchors,GEO_D
15450.000,-1303.163,-3161.886,,1131.875,closed_catmull_rom_through_station_anchors,GEO_D
15475.000,-1295.208,-3138.185,,1225.963,closed_catmull_rom_through_station_anchors,GEO_D
15500.000,-1286.772,-3114.652,,1328.232,closed_catmull_rom_through_station_anchors,GEO_D
15525.000,-1277.894,-3091.282,,1437.488,closed_catmull_rom_through_station_anchors,GEO_D
15550.000,-1268.612,-3068.069,,1551.054,closed_catmull_rom_through_station_anchors,GEO_D
15575.000,-1258.956,-3045.010,,1677.480,closed_catmull_rom_through_station_anchors,GEO_D
15600.000,-1248.958,-3022.096,,1806.168,closed_catmull_rom_through_station_anchors,GEO_D
15625.000,-1238.643,-2999.323,,1948.236,closed_catmull_rom_through_station_anchors,GEO_D
15650.000,-1228.037,-2976.685,,2096.304,closed_catmull_rom_through_station_anchors,GEO_D
15675.000,-1217.162,-2954.174,,2255.274,closed_catmull_rom_through_station_anchors,GEO_D
15700.000,-1206.038,-2931.785,,2426.074,closed_catmull_rom_through_station_anchors,GEO_D
15725.000,-1194.684,-2909.513,,2609.773,closed_catmull_rom_through_station_anchors,GEO_D
15750.000,-1183.117,-2887.349,,2805.685,closed_catmull_rom_through_station_anchors,GEO_D
15775.000,-1171.354,-2865.290,,3012.897,closed_catmull_rom_through_station_anchors,GEO_D
15800.000,-1159.407,-2843.329,,3246.912,closed_catmull_rom_through_station_anchors,GEO_D
15825.000,-1147.292,-2821.461,,3489.661,closed_catmull_rom_through_station_anchors,GEO_D
15850.000,-1135.020,-2799.680,,3757.550,closed_catmull_rom_through_station_anchors,GEO_D
15875.000,-1122.604,-2777.982,,4054.927,closed_catmull_rom_through_station_anchors,GEO_D
15900.000,-1110.054,-2756.360,,4376.313,closed_catmull_rom_through_station_anchors,GEO_D
15925.000,-1097.381,-2734.810,,4732.264,closed_catmull_rom_through_station_anchors,GEO_D
15950.000,-1084.594,-2713.328,,5129.028,closed_catmull_rom_through_station_anchors,GEO_D
15975.000,-1071.703,-2691.908,,5574.559,closed_catmull_rom_through_station_anchors,GEO_D
16000.000,-1058.715,-2670.546,,6079.147,closed_catmull_rom_through_station_anchors,GEO_D
16025.000,-1045.640,-2649.238,,6656.325,closed_catmull_rom_through_station_anchors,GEO_D
16050.000,-1032.485,-2627.979,,7324.259,closed_catmull_rom_through_station_anchors,GEO_D
16075.000,-1019.258,-2606.765,,8097.112,closed_catmull_rom_through_station_anchors,GEO_D
16100.000,-1005.965,-2585.592,,9037.308,closed_catmull_rom_through_station_anchors,GEO_D
16125.000,-992.613,-2564.456,,10183.211,closed_catmull_rom_through_station_anchors,GEO_D
16150.000,-979.210,-2543.352,,11592.480,closed_catmull_rom_through_station_anchors,GEO_D
16175.000,-965.761,-2522.278,,13407.930,closed_catmull_rom_through_station_anchors,GEO_D
16200.000,-952.273,-2501.229,,15887.068,closed_catmull_rom_through_station_anchors,GEO_D
16225.000,-938.752,-2480.201,,19311.809,closed_catmull_rom_through_station_anchors,GEO_D
16250.000,-925.204,-2459.190,,24638.541,closed_catmull_rom_through_station_anchors,GEO_D
16275.000,-911.634,-2438.193,,33812.557,closed_catmull_rom_through_station_anchors,GEO_D
16300.000,-898.049,-2417.207,,53498.324,closed_catmull_rom_through_station_anchors,GEO_D
16325.000,-884.454,-2396.226,,128617.587,closed_catmull_rom_through_station_anchors,GEO_D
16350.000,-870.855,-2375.248,,323990.004,closed_catmull_rom_through_station_anchors,GEO_D
16375.000,-857.257,-2354.270,,71528.876,closed_catmull_rom_through_station_anchors,GEO_D
16400.000,-843.667,-2333.286,,40098.413,closed_catmull_rom_through_station_anchors,GEO_D
16425.000,-830.090,-2312.294,,27728.715,closed_catmull_rom_through_station_anchors,GEO_D
16450.000,-816.532,-2291.290,,21193.299,closed_catmull_rom_through_station_anchors,GEO_D
16475.000,-802.999,-2270.270,,17040.690,closed_catmull_rom_through_station_anchors,GEO_D
16500.000,-789.496,-2249.230,,14225.689,closed_catmull_rom_through_station_anchors,GEO_D
16525.000,-776.031,-2228.166,,12178.348,closed_catmull_rom_through_station_anchors,GEO_D
16550.000,-762.609,-2207.075,,10597.146,closed_catmull_rom_through_station_anchors,GEO_D
16575.000,-749.236,-2185.952,,9335.592,closed_catmull_rom_through_station_anchors,GEO_D
16600.000,-735.920,-2164.793,,8335.882,closed_catmull_rom_through_station_anchors,GEO_D
16625.000,-722.668,-2143.595,,7492.394,closed_catmull_rom_through_station_anchors,GEO_D
16650.000,-709.487,-2122.352,,6778.719,closed_catmull_rom_through_station_anchors,GEO_D
16675.000,-696.384,-2101.061,,6165.924,closed_catmull_rom_through_station_anchors,GEO_D
16700.000,-683.367,-2079.717,,5633.182,closed_catmull_rom_through_station_anchors,GEO_D
16725.000,-670.445,-2058.315,,5165.124,closed_catmull_rom_through_station_anchors,GEO_D
16750.000,-657.627,-2036.851,,4750.163,closed_catmull_rom_through_station_anchors,GEO_D
16775.000,-644.922,-2015.320,,4378.009,closed_catmull_rom_through_station_anchors,GEO_D
16800.000,-632.341,-1993.717,,4035.193,closed_catmull_rom_through_station_anchors,GEO_D
16825.000,-619.893,-1972.036,,3740.203,closed_catmull_rom_through_station_anchors,GEO_D
16850.000,-607.591,-1950.273,,3455.528,closed_catmull_rom_through_station_anchors,GEO_D
16875.000,-595.446,-1928.421,,3207.084,closed_catmull_rom_through_station_anchors,GEO_D
16900.000,-583.472,-1906.475,,2964.296,closed_catmull_rom_through_station_anchors,GEO_D
16925.000,-571.684,-1884.429,,2752.990,closed_catmull_rom_through_station_anchors,GEO_D
16950.000,-560.096,-1862.277,,2551.396,closed_catmull_rom_through_station_anchors,GEO_D
16975.000,-548.726,-1840.012,,2364.676,closed_catmull_rom_through_station_anchors,GEO_D
17000.000,-537.592,-1817.629,,2191.528,closed_catmull_rom_through_station_anchors,GEO_D
17025.000,-526.714,-1795.120,,2025.224,closed_catmull_rom_through_station_anchors,GEO_D
17050.000,-516.114,-1772.478,,1879.292,closed_catmull_rom_through_station_anchors,GEO_D
17075.000,-505.817,-1749.697,,1732.245,closed_catmull_rom_through_station_anchors,GEO_D
17100.000,-495.850,-1726.770,,1602.334,closed_catmull_rom_through_station_anchors,GEO_D
17125.000,-486.242,-1703.691,,1477.663,closed_catmull_rom_through_station_anchors,GEO_D
17150.000,-477.025,-1680.452,,1470.376,closed_catmull_rom_through_station_anchors,GEO_D
17175.000,-468.205,-1657.060,,2040.914,closed_catmull_rom_through_station_anchors,GEO_D
17200.000,-459.672,-1633.561,,2223.012,closed_catmull_rom_through_station_anchors,GEO_D
17225.000,-451.404,-1609.968,,2319.836,closed_catmull_rom_through_station_anchors,GEO_D
17250.000,-443.390,-1586.288,,2422.762,closed_catmull_rom_through_station_anchors,GEO_D
17275.000,-435.621,-1562.525,,2530.572,closed_catmull_rom_through_station_anchors,GEO_D
17300.000,-428.088,-1538.688,,2650.127,closed_catmull_rom_through_station_anchors,GEO_D
17325.000,-420.780,-1514.780,,2775.176,closed_catmull_rom_through_station_anchors,GEO_D
17350.000,-413.687,-1490.807,,2909.132,closed_catmull_rom_through_station_anchors,GEO_D
17375.000,-406.800,-1466.774,,3052.992,closed_catmull_rom_through_station_anchors,GEO_D
17400.000,-400.111,-1442.686,,3207.932,closed_catmull_rom_through_station_anchors,GEO_D
17425.000,-393.609,-1418.546,,3375.348,closed_catmull_rom_through_station_anchors,GEO_D
17450.000,-387.287,-1394.359,,3556.907,closed_catmull_rom_through_station_anchors,GEO_D
17475.000,-381.135,-1370.128,,3754.619,closed_catmull_rom_through_station_anchors,GEO_D
17500.000,-375.144,-1345.856,,3970.923,closed_catmull_rom_through_station_anchors,GEO_D
17525.000,-369.306,-1321.548,,4208.812,closed_catmull_rom_through_station_anchors,GEO_D
17550.000,-363.612,-1297.205,,4471.994,closed_catmull_rom_through_station_anchors,GEO_D
17575.000,-358.055,-1272.830,,4765.117,closed_catmull_rom_through_station_anchors,GEO_D
17600.000,-352.626,-1248.427,,5094.082,closed_catmull_rom_through_station_anchors,GEO_D
17625.000,-347.316,-1223.997,,5466.497,closed_catmull_rom_through_station_anchors,GEO_D
17650.000,-342.118,-1199.543,,5891.097,closed_catmull_rom_through_station_anchors,GEO_D
17675.000,-337.024,-1175.068,,6384.387,closed_catmull_rom_through_station_anchors,GEO_D
17700.000,-332.026,-1150.573,,6963.249,closed_catmull_rom_through_station_anchors,GEO_D
17725.000,-327.116,-1126.060,,7651.460,closed_catmull_rom_through_station_anchors,GEO_D
17750.000,-322.286,-1101.531,,8487.185,closed_catmull_rom_through_station_anchors,GEO_D
17775.000,-317.529,-1076.987,,9526.072,closed_catmull_rom_through_station_anchors,GEO_D
17800.000,-312.836,-1052.432,,10855.843,closed_catmull_rom_through_station_anchors,GEO_D
17825.000,-308.199,-1027.866,,12623.282,closed_catmull_rom_through_station_anchors,GEO_D
17850.000,-303.611,-1003.290,,15093.940,closed_catmull_rom_through_station_anchors,GEO_D
17875.000,-299.064,-978.707,,18802.686,closed_catmull_rom_through_station_anchors,GEO_D
17900.000,-294.549,-954.118,,24998.469,closed_catmull_rom_through_station_anchors,GEO_D
17925.000,-290.059,-929.525,,37599.001,closed_catmull_rom_through_station_anchors,GEO_D
17950.000,-285.585,-904.928,,76833.536,closed_catmull_rom_through_station_anchors,GEO_D
17975.000,-281.120,-880.331,,1240136.565,closed_catmull_rom_through_station_anchors,GEO_D
18000.000,-276.653,-855.733,,67026.201,closed_catmull_rom_through_station_anchors,GEO_D
18025.000,-272.178,-831.137,,34002.975,closed_catmull_rom_through_station_anchors,GEO_D
18050.000,-267.685,-806.544,,22631.378,closed_catmull_rom_through_station_anchors,GEO_D
18075.000,-263.164,-781.956,,16798.620,closed_catmull_rom_through_station_anchors,GEO_D
18100.000,-258.607,-757.375,,13295.879,closed_catmull_rom_through_station_anchors,GEO_D
18125.000,-254.003,-732.802,,10912.539,closed_catmull_rom_through_station_anchors,GEO_D
18150.000,-249.344,-708.240,,9222.097,closed_catmull_rom_through_station_anchors,GEO_D
18175.000,-244.618,-683.691,,7930.183,closed_catmull_rom_through_station_anchors,GEO_D
18200.000,-239.814,-659.157,,6915.745,closed_catmull_rom_through_station_anchors,GEO_D
18225.000,-234.922,-634.640,,6108.068,closed_catmull_rom_through_station_anchors,GEO_D
18250.000,-229.929,-610.144,,5437.698,closed_catmull_rom_through_station_anchors,GEO_D
18275.000,-224.824,-585.671,,4875.562,closed_catmull_rom_through_station_anchors,GEO_D
18300.000,-219.593,-561.224,,4390.843,closed_catmull_rom_through_station_anchors,GEO_D
18325.000,-214.224,-536.808,,3981.671,closed_catmull_rom_through_station_anchors,GEO_D
18350.000,-208.701,-512.425,,3619.701,closed_catmull_rom_through_station_anchors,GEO_D
18375.000,-203.010,-488.082,,3299.083,closed_catmull_rom_through_station_anchors,GEO_D
18400.000,-197.134,-463.782,,3016.397,closed_catmull_rom_through_station_anchors,GEO_D
18425.000,-191.058,-439.532,,2764.133,closed_catmull_rom_through_station_anchors,GEO_D
18450.000,-184.762,-415.338,,2535.941,closed_catmull_rom_through_station_anchors,GEO_D
18475.000,-178.228,-391.207,,2330.331,closed_catmull_rom_through_station_anchors,GEO_D
18500.000,-171.436,-367.147,,2142.083,closed_catmull_rom_through_station_anchors,GEO_D
18525.000,-164.363,-343.169,,1972.378,closed_catmull_rom_through_station_anchors,GEO_D
18550.000,-156.987,-319.282,,1815.491,closed_catmull_rom_through_station_anchors,GEO_D
18575.000,-149.283,-295.499,,1673.253,closed_catmull_rom_through_station_anchors,GEO_D
18600.000,-141.224,-271.833,,1541.820,closed_catmull_rom_through_station_anchors,GEO_D
18625.000,-132.783,-248.302,,1420.521,closed_catmull_rom_through_station_anchors,GEO_D
18650.000,-123.929,-224.923,,1309.582,closed_catmull_rom_through_station_anchors,GEO_D
18675.000,-114.630,-201.717,,1206.842,closed_catmull_rom_through_station_anchors,GEO_D
18700.000,-104.852,-178.709,,1113.106,closed_catmull_rom_through_station_anchors,GEO_D
18725.000,-94.561,-155.926,,1025.967,closed_catmull_rom_through_station_anchors,GEO_D
18750.000,-83.717,-133.401,,946.884,closed_catmull_rom_through_station_anchors,GEO_D
18775.000,-72.283,-111.170,,873.729,closed_catmull_rom_through_station_anchors,GEO_D
18800.000,-60.217,-89.275,,807.786,closed_catmull_rom_through_station_anchors,GEO_D
18825.000,-47.480,-67.765,,746.933,closed_catmull_rom_through_station_anchors,GEO_D
18850.000,-34.030,-46.693,,693.296,closed_catmull_rom_through_station_anchors,GEO_D
18875.000,-19.829,-26.119,,644.197,closed_catmull_rom_through_station_anchors,GEO_D
18900.000,-4.841,-6.112,,610.702,closed_catmull_rom_through_station_anchors,GEO_D
